{
  "project_info": {
    "project_number": "813433483605",
    "firebase_url": "https://roadsideassistantapp-default-rtdb.firebaseio.com",
    "project_id": "roadsideassistantapp",
    "storage_bucket": "roadsideassistantapp.appspot.com"
  },
  "client": [
    {
      "client_info": {
        "mobilesdk_app_id": "1:813433483605:android:d485fbbbbcff25e9ca3fdc",
        "android_client_info": {
          "package_name": "com.example.roadsideapp"
        }
      },
      "oauth_client": [
        {
          "client_id": "813433483605-22dn29lqa4p41vjqpd8p5b7e37o1jc28.apps.googleusercontent.com",
          "client_type": 1,
          "android_info": {
            "package_name": "com.example.roadsideapp",
            "certificate_hash": "77a20bd726a55bb73474ac795162ddcab8d1b856"
          }
        },
        {
          "client_id": "813433483605-hsncnaaqs62qoqn1pmaqvbeatvr852f0.apps.googleusercontent.com",
          "client_type": 3
        }
      ],
      "api_key": [
        {
          "current_key": "AIzaSyC2QSuHsxHP1dDJtYqMYSA919p_UvmNKdY"
        }
      ],
      "services": {
        "appinvite_service": {
          "other_platform_oauth_client": [
            {
              "client_id": "813433483605-hsncnaaqs62qoqn1pmaqvbeatvr852f0.apps.googleusercontent.com",
              "client_type": 3
            }
          ]
        }
      }
    }
  ],
  "configuration_version": "1"
}